USE EducCenter

INSERT INTO Chelovek (NumerPassporta, FIO)
VALUES 
('4018398488', 'Иванов Иван Иванович'),--ученик
('3028798458', 'Андреев Александр Александрович'), -- препод математики

('2113995124','Лосев Антолий Карпатович'),--ученик
('1193186074','Васильев Антон Алексеевич'),--препод истории 


('9563995124','Ледов Роман Егорович'),--ученик
('8313186074','Семенов Александр Анатольевич'),--препод литературы


('7151755124','Попов Дмитрий Михайлович'),--ученик
('6323187074','Яковлев Михаил Львович'), --препод География


('5126755124','Кузнецов Иван Сергеевич'),--ученик
('4123097074','Богданов Степан Петрович'), --препод Базовая информатика

('3941355923','Михайлов Евгений Васильевич'),--ученик
('2758597074','Никитин Андрей Дмитриевич'), --препод Биология


('1452317078','Бобров Сергей Юрьевич'), -- ученик и препод одновременно Робототехника
('1442428098','Храмов Марат Яковлевич'), -- ученик и препод одновременно Химия

('1897653791','Носик Дмитрий Павлович'), --ученик литер
('8674510221','Павлов Филипп Аракадьевич'), --ученик Робототехникки
('7472535291','Баринов Виктор Янович'), --ученик Робототехникки


('4130527291','Левченок Лев Данилович'), --история,математика,базовая инфа
('3330639202','Холопов Федор Андреевич') --География, Химия , Биология





INSERT INTO Spravochnik_Rating (Uroven)
VALUES (3), -- должен иметь такой же уровень и у FK  Rating_Obuchayushchijsya
(4),
(5),
(6),
(7),
(1),
(2),
(8),
(9),
(10),
(11)
--(12)

INSERT INTO Kursi (Nazvanie, Annotaciya,Dlitelnost_po_vremeni,Stoimost,Kursi_Nazvanie)
VALUES ('Matematica', 'Kurs_Po_Matematice',260,60000,'Matematica'),
('История','Курс по истории',300,63000,'История'),
('Литература','Курс по Литературе',300,65000,'Литература'),
('География','Курс по Географии',280,61000,'География'),
('Базовая'+'Информатика','Курс по Базовой'+'Информатике',280,71000,'Базовая'+'Информатика'),
('Биология','Курс по Биологии',270,51000,'Биология'),
('Робототехника','Курс по Робототехнике',255,52000,'Робототехника'),
('Химия','Курс по Химии',265,53000,'Химия')





--INSERT INTO ZHurnal_Ocenok (KursNazvanie, PromezhutochnyeOcenki,SdannyeZadaniya,ItogovayaOcenka)
--VALUES 
--('Matematica', 54535,'UravneniaiMnogochleni',4),
--('История', 454454,'История России',4),
--('Литература', 555454,'Литература',5),
--('География', 444454,'География',4),
--('Базовая'+'Информатика', 535453,'Базовая'+'Информатика',4),
--('Биология', 334433,'Биология',3),
--('Робототехника', 534435,'Робототехника',4),
--('Химия', 334433,'Химия',3)
INSERT INTO ZHurnal_Ocenok (KursNazvanie, SdannyeZadaniya)
VALUES 
('Matematica', 'UravneniaiMnogochleni'),
('История', 'История России'),
('Литература', 'Литература'),
('География', 'География'),
('Базовая'+'Информатика', 'Базовая'+'Информатика'),
('Биология', 'Биология'),
('Робототехника', 'Робототехника'),
('Химия', 'Химия')


INSERT INTO Obuchayushchijsya (NumerPassporta, Sovershennoletie,ZakonnyePredstaviteli,KursNazvanie)
VALUES ('4018398488',0,'Отец:Иванов Иван Сергеевич','Matematica'),
('2113995124',0,'Мать:Лосева Наталья Витальевна','История'),
('9563995124',0,'Мать:Ледова Наталья Игоревна','Литература'),
('7151755124',0,'Мать:Попова Анна Ивановна','География'),
('5126755124',0,'Отец:Кузнецов Сергей Николаевич','Базовая'+'Информатика'),
('3941355923',0,'Отец:Никитин Дмитрий Савельевич','Биология'),
('1452317078',1,'Сов','История'),
('1442428098',1,'Совер','Литература'),
('1897653791',0,'Отец:Носик Павел Максимович','Литература'),
('8674510221',0,'Отец:Павлов Аркадий Владимирович','Робототехника'),
('7472535291',0,'Отец:Баринов Ян Федотович','Робототехника')

--INSERT INTO Obuchenie()




INSERT INTO Ocenka (PromezhutochnyeOcenka1, PromezhutochnyeOcenka2,PromezhutochnyeOcenka3,ItogovayaOcenka,ZHurnal_OcenokKursNazvanie,ObuchayushchijsyaNumerPassporta)
VALUES 
(5,4,4,4,'Matematica','4018398488'),
(4,5,4,4,'История','2113995124'),
(5,5,5,5,'Литература','9563995124'),
(4,4,4,4,'География','7151755124'),
(4,4,4,4,'Базовая'+'Информатика','5126755124'),
(3,3,4,3,'Биология','3941355923'),
(5,3,4,4,'История','1452317078'),
(3,3,4,3,'Литература','1442428098'),
(4,4,4,4,'Литература','1897653791'),
(3,3,3,3,'Робототехника','8674510221'),
(5,5,5,5,'Робототехника','7472535291'),
(4,4,5,4,'История','4130527291'),
(5,5,5,5,'Matematica','4130527291'),
(4,5,5,5,'Базовая'+'Информатика','4130527291'),
(4,4,4,4,'География','3330639202'),
(5,4,4,4,'Химия','3330639202'),
(5,5,5,5,'Биология','3330639202')






INSERT INTO Rating_Obuchayushchijsya (ObuchayushchijsyaNomerPasporta,SpravochnikRatingUroven)
VALUES ('4018398488',3),
('2113995124',4),
('9563995124',5),
('7151755124',6),
('5126755124',7),
('3941355923',1),
('1452317078',2),
('1442428098',8),
('1897653791',9),
('8674510221',10),
('7472535291',11)
--('4130527291',12)


INSERT INTO Obuchayushchjisya_Kursam (ObuchayushchijsyaNomerPasporta,KursiNazvanie)
VALUES ('4018398488','Matematica'),
('2113995124','История'),
('9563995124','Литература'),
('7151755124','География'),
('5126755124','Базовая'+'Информатика'),
('3941355923','Биология'),
('1452317078','История'), --учитель по робототехнике обучается истории
('1442428098','Литература'), --учитель по Химии обучается Литературе
('1897653791','Литература'),
('8674510221','Робототехника'), 
('7472535291','Робототехника')

INSERT INTO Kabineti (Nomer,TipKabineta)
VALUES ('102','Kabinet_Matematici'),
 ('205','Кабинет Истории'),
 ('207','Кабинет Литературы'),
 ('110','Кабинет География'),
 ('108','Кабинет Базовой'+'Информатики'),
 ('203','Кабинет Биологии'),
 ('211','Кабинет Робототехники'),
 ('208','Кабинет Химии')


INSERT INTO RaspisanieZanyatij (KursNazvanie,VremyaNachala,VremyaOkonchaniya,KabNomer)
VALUES ('Matematica',1300000000 ,'11:30:00','102'),
('История',1300000000  ,'11:30:00','205'),
('Литература',1311111111 ,'13:30:00','207'),
('География',1322222222 ,'17:30:00','110'),
('Базовая'+'Информатика',1312345678 ,'15:30:00','108'),
('Биология',1318765432 ,'15:30:00','203'),
('Робототехника',1318765432 ,'15:30:00','211'),
('Химия',1318765432 ,'15:30:00','208')

INSERT INTO Prepodavatel (NumerPassporta,Kvalifikaciya,PredydushcheeMestoRaboty,Zarplata,RaspisanieKursNazvanie,ZHurnalOcenokKursNazvanie)
VALUES 
('3028798458','Uchitel_Matematici',NULL,450000,'Matematica','Matematica'),
('1193186074','Учитель Истории','Музей',350000,'История','История'),
('8313186074','Учитель Литературы','Школа',47000,'Литература','Литература'),
('6323187074','Учитель Географии','ДругиеКурсы',44000,'География','География'),
('4123097074','Учитель Базовой'+'Информатики','ДругиеКурсы',50000,'Базовая'+'Информатика','Базовая'+'Информатика'),
('2758597074','Учитель Биологии','ДругиеКурсы',46000,'Биология','Биология'),
('1452317078','Учитель Робототехники','ДругиеКурсы',46000,'Робототехника','Робототехника'),
('1442428098','Учитель Химии','ДругиеКурсы',46000,'Химия','Химия')





INSERT INTO Obrazovanie (PrepodavatelNomerPasporta,NomerDokumentaObObrazovanii,Specialnost,Stazh)
VALUES 
('3028798458','44532789633_УЦ','Uchitel_Matematici',1),
('1193186074','54532789633_УЦ','Учитель Истории',5),
('8313186074','34532789633_УЦ','Учитель Литературы',4),
('6323187074','24532789633_ДК','Учитель Географии',2),
('4123097074','14573789633_ДК','Учитель Базовой'+'Информатики',2),
('2758597074','15574789633_ДК','Учитель Биологии',3),
('1452317078','11572789633_ДК','Учитель Робототехники',3),
('1442428098','72672789633_ДК','Учитель Химии',3)


INSERT INTO Rejting_Prepodavatelya (PrepodavatelNomerPasporta,SpravochnikRatingUroven)
VALUES ('3028798458',3),
 ('1193186074',4),
 ('8313186074',5),
 ('6323187074',6),
 ('4123097074',7),
 ('2758597074',1),
 ('1452317078',2),
 ('1442428098',8)

INSERT INTO Prepodavatel_Kursov (PrepodavatelNomerPassporta,KursiNazvanie)
VALUES 
('3028798458','Matematica'),
('1193186074','История'),
('8313186074','Литература'),
('6323187074','География'),
('4123097074','Базовая'+'Информатика'),
('2758597074','Биология'),
('1452317078','Робототехника'),
('1442428098','Химия')


INSERT INTO Spravochnik_oborudovanie (Nazvanie)
VALUES 
('Sprav_Matematica'),
('Справочник по Истории'),
('Справочник по Литературе'),
('Справочник по Географии'),
('Справочник по Базовой'+'Информатике'),
('Справочник по Биологии'),
('Справочник по Робототехнике'),
('Справочник по Химии')


INSERT INTO Oborudovanie_Kursov (KursiNazvanie,Spravochnik_oborudovanie_Nazvanie)
VALUES 
('Matematica','Sprav_Matematica'),
('История','Справочник по Истории'),
('Литература','Справочник по Литературе'),
('География','Справочник по Географии'),
('Базовая'+'Информатика','Справочник по Базовой'+'Информатике'),
('Биология','Справочник по Биологии'),
('Робототехника','Справочник по Робототехнике'),
('Химия','Справочник по Химии')






INSERT INTO Rating_Obuchayushchegosya (KabinetNomer,Spravochnik_oborudovanie_Nazvanie)
VALUES 
('102','Sprav_Matematica'),
('205','Справочник по Истории'),
('207','Справочник по Литературе'),
('110','Справочник по Географии'),
('108','Справочник по Базовой'+'Информатике'),
('203','Справочник по Биологии'),
('211','Справочник по Робототехнике'),
('208','Справочник по Химии')






